Item ID,Name,Category,Description,Variant 1 - Name,Variant 1 - Price,Variant 1 - SKU,Variant 2 - Name,Variant 2 - Price,Variant 2 - SKU,Variant 3 - Name,Variant 3 - Price,Variant 3 - SKU,Tax - Moms (25%)
,Klipsch KG-100,GHM,Klipsch KG-100,Klipsch KG-100,699.000000,,,,,,,,Y
,Klipsch R6 On-Ear,HS,Klipsch R6 On-Ear,Klipsch R6 On-Ear,699.000000,,,,,,,,Y
,Klipsch R6i On-Ear,HMS,Klipsch R6i On-Ear,Klipsch R6i On-Ear,749.000000,,,,,,,,Y
,Klipsch Groove,T,Klipsch Groove,Klipsch Groove,1299.000000,,,,,,,,Y
,Klipsch KMC 1 Black,T,Klipsch KMC 1 Black,Klipsch KMC 1 Black,2199.000000,,,,,,,,Y
,Klipsch KMC 1 White,T,Klipsch KMC 1 White,Klipsch KMC 1 White,2199.000000,,,,,,,,Y
,Delock minijack 3,5 mm til 2 x hun minijack 3pins 25cm,KT,Delock minijack 3,5 mm til 2 x hun minijack 3pins 25cm,Delock minijack 3,5 mm til 2 x hun minijack 3pins 25cm,99.000000,,,,,,,,Y
,Belkin 3,5 mm/3,5 mm jack 1,8 meter Sort,KT,Belkin 3,5 mm/3,5 mm jack 1,8 meter Sort,Belkin 3,5 mm/3,5 mm jack 1,8 meter Sort,249.000000,,,,,,,,Y
,Belkin 3,5 mm/3,5 mm jack 1,8 meter Rød,KT,Belkin 3,5 mm/3,5 mm jack 1,8 meter Rød,Belkin 3,5 mm/3,5 mm jack 1,8 meter Rød,249.000000,,,,,,,,Y
,Belkin 3,5 mm/3,5 mm jack 1,8 meter Blå,KT,Belkin 3,5 mm/3,5 mm jack 1,8 meter Blå,Belkin 3,5 mm/3,5 mm jack 1,8 meter Blå,249.000000,,,,,,,,Y
,Belkin 3,5 mm/3,5 mm jack 1,8 meter Grøn,KT,Belkin 3,5 mm/3,5 mm jack 1,8 meter Grøn,Belkin 3,5 mm/3,5 mm jack 1,8 meter Grøn,249.000000,,,,,,,,Y
,Belkin 3,5 mm/3,5 mm jack 1,8 meter Lilla,KT,Belkin 3,5 mm/3,5 mm jack 1,8 meter Lilla,Belkin 3,5 mm/3,5 mm jack 1,8 meter Lilla,249.000000,,,,,,,,Y
,Griffin Cables 3,5 mm jack/jack coiled,KT,Griffin Cables 3,5 mm jack/jack coiled,Griffin Cables 3,5 mm jack/jack coiled,399.000000,,,,,,,,Y
,Delock Stereo minijack han 3,5 mm / hun 6,3 mm stereo jack,KT,Delock Stereo minijack han 3,5 mm / hun 6,3 mm stereo jack,Delock Stereo minijack han 3,5 mm / hun 6,3 mm stereo jack,69.000000,,,,,,,,Y
,Delock Stereo jack han 6,35 mm / hun 3,5 mm minijack,KT,Delock Stereo jack han 6,35 mm / hun 3,5 mm minijack,Delock Stereo jack han 6,35 mm / hun 3,5 mm minijack,69.000000,,,,,,,,Y
,Delock Jack 3,5 mm han/hun iPhone 4p 1 meter,KT,Delock Jack 3,5 mm han/hun iPhone 4p 1 meter,Delock Jack 3,5 mm han/hun iPhone 4p 1 meter,89.000000,,,,,,,,Y
,Belkin RockStar Headphone splitter Sort,KT,Belkin RockStar Headphone splitter Sort,Belkin RockStar Headphone splitter Sort,349.000000,,,,,,,,Y
,Belkin RockStar Headphone splitter Pink,KT,Belkin RockStar Headphone splitter Pink,Belkin RockStar Headphone splitter Pink,349.000000,,,,,,,,Y
,Belkin 3,5mm Stereo Audio kabel Grøn,KT,Belkin 3,5mm Stereo Audio kabel Grøn,Belkin 3,5mm Stereo Audio kabel Grøn,249.000000,,,,,,,,Y
,Belkin 3,5mm Stereo Audio kabel Sort,KT,Belkin 3,5mm Stereo Audio kabel Sort,Belkin 3,5mm Stereo Audio kabel Sort,249.000000,,,,,,,,Y
,Belkin 3,5mm Stereo Audio kabel Pink,KT,Belkin 3,5mm Stereo Audio kabel Pink,Belkin 3,5mm Stereo Audio kabel Pink,249.000000,,,,,,,,Y
,Belkin 3,5mm Stereo Audio kabel Hvid,KT,Belkin 3,5mm Stereo Audio kabel Hvid,Belkin 3,5mm Stereo Audio kabel Hvid,249.000000,,,,,,,,Y
,Belkin 3,5mm Stereo Audio kabel Rød,KT,Belkin 3,5mm Stereo Audio kabel Rød,Belkin 3,5mm Stereo Audio kabel Rød,249.000000,,,,,,,,Y
,Monkey Cable Concept minijack/2 x phono 3 meter,KT,Monkey Cable Concept minijack/2 x phono 3 meter,Monkey Cable Concept minijack/2 x phono 3 meter,129.000000,,,,,,,,Y
,eSTUFF Audio 3,5 mm splitter han til 2 x hun,KT,eSTUFF Audio 3,5 mm splitter han til 2 x hun,eSTUFF Audio 3,5 mm splitter han til 2 x hun,59.000000,,,,,,,,Y
,MicroConnect Adapter hun 3,5 mm/ hun 3,5 mm,KT,MicroConnect Adapter hun 3,5 mm/ hun 3,5 mm,MicroConnect Adapter hun 3,5 mm/ hun 3,5 mm,49.000000,,,,,,,,Y
,MicroConnect 3,5 mm 4-pin 0,5 m han/hun hvid,KT,MicroConnect 3,5 mm 4-pin 0,5 m han/hun hvid,MicroConnect 3,5 mm 4-pin 0,5 m han/hun hvid,59.000000,,,,,,,,Y
,eSTUFF Headset konverter til Apple produkter,KT,eSTUFF Headset konverter til Apple produkter,eSTUFF Headset konverter til Apple produkter,49.000000,,,,,,,,Y
,eSTUFF minijack/phono kabel 5m,KT,eSTUFF minijack/phono kabel 5m,eSTUFF minijack/phono kabel 5m,99.000000,,,,,,,,Y
,eSTUFF minijack/minijack kabel 2m,KT,eSTUFF minijack/minijack kabel 2m,eSTUFF minijack/minijack kabel 2m,69.000000,,,,,,,,Y
,beyerdynamic C- one Cable Standard - black,KT,beyerdynamic C- one Cable Standard - black,beyerdynamic C- one Cable Standard - black,109.000000,,,,,,,,Y
,Sony MDR-XD150 Black,HS,Sony MDR-XD150 Black,Sony MDR-XD150 Black,.000000,,,,,,,,Y
,Sony MDR-XD150 White,HS,Sony MDR-XD150 White,Sony MDR-XD150 White,.000000,,,,,,,,Y
,Sony DR-V150IP,HMS,Sony DR-V150IP,Sony DR-V150IP,.000000,,,,,,,,Y
,Sony MDR-E820LP,HIS,Sony MDR-E820LP,Sony MDR-E820LP,.000000,,,,,,,,Y
,Sony MDR-EX37B Red,HIS,Sony MDR-EX37B Red,Sony MDR-EX37B Red,.000000,,,,,,,,Y
,Sony MDR-EX37B Yellow,HIS,Sony MDR-EX37B Yellow,Sony MDR-EX37B Yellow,.000000,,,,,,,,Y
,Sony MDR-EX37B Black,HIS,Sony MDR-EX37B Black,Sony MDR-EX37B Black,.000000,,,,,,,,Y
,Sony MDR-EX37B Blue,HIS,Sony MDR-EX37B Blue,Sony MDR-EX37B Blue,.000000,,,,,,,,Y
,Sony MDR-AS600BT Sport Bluetooth Blue,HIMSW,Sony MDR-AS600BT Sport Bluetooth Blue,Sony MDR-AS600BT Sport Bluetooth Blue,.000000,,,,,,,,Y
,Sony MDR-AS600BT Sport Bluetooth Orange,HIMSW,Sony MDR-AS600BT Sport Bluetooth Orange,Sony MDR-AS600BT Sport Bluetooth Orange,.000000,,,,,,,,Y
,Sony MDR-AS600BT Sport Bluetooth Black,HIMSW,Sony MDR-AS600BT Sport Bluetooth Black,Sony MDR-AS600BT Sport Bluetooth Black,.000000,,,,,,,,Y
,Sony MDR-AS600BT Sport Bluetooth White,HIMSW,Sony MDR-AS600BT Sport Bluetooth White,Sony MDR-AS600BT Sport Bluetooth White,.000000,,,,,,,,Y
,Sony MDR-EX450 Grey,HIMS,Sony MDR-EX450 Grey,Sony MDR-EX450 Grey,.000000,,,,,,,,Y
,Sony MDR-EX450 Green,HIMS,Sony MDR-EX450 Green,Sony MDR-EX450 Green,.000000,,,,,,,,Y
,Sony MDR-EX650AP in-ear-hovedtelefoner,HIMS,Sony MDR-EX650AP in-ear-hovedtelefoner,Sony MDR-EX650AP in-ear-hovedtelefoner,.000000,,,,,,,,Y
,Sony XBA-H1 Balanced Armature in-ear-hovedtelefoner,HIS,Sony XBA-H1 Balanced Armature in-ear-hovedtelefoner,Sony XBA-H1 Balanced Armature in-ear-hovedtelefoner,.000000,,,,,,,,Y
,Sony h.ear go Bluetooth/Wi-Fi højttaler Pink,T,Sony h.ear go Bluetooth/Wi-Fi højttaler Pink,Sony h.ear go Bluetooth/Wi-Fi højttaler Pink,.000000,,,,,,,,Y
,Sony h.ear go Bluetooth/Wi-Fi højttaler Red,T,Sony h.ear go Bluetooth/Wi-Fi højttaler Red,Sony h.ear go Bluetooth/Wi-Fi højttaler Red,.000000,,,,,,,,Y
,Sony h.ear go Bluetooth/Wi-Fi højttaler Yellow,T,Sony h.ear go Bluetooth/Wi-Fi højttaler Yellow,Sony h.ear go Bluetooth/Wi-Fi højttaler Yellow,.000000,,,,,,,,Y
,Sony h.ear go Bluetooth/Wi-Fi højttaler Blue,T,Sony h.ear go Bluetooth/Wi-Fi højttaler Blue,Sony h.ear go Bluetooth/Wi-Fi højttaler Blue,.000000,,,,,,,,Y
,Sony h.ear go Bluetooth/Wi-Fi højttaler Black,T,Sony h.ear go Bluetooth/Wi-Fi højttaler Black,Sony h.ear go Bluetooth/Wi-Fi højttaler Black,.000000,,,,,,,,Y
,Sony SRS-ZR7 trådløs højttaler med Bluetooth/Wi-Fi Black,T,Sony SRS-ZR7 trådløs højttaler med Bluetooth/Wi-Fi Black,Sony SRS-ZR7 trådløs højttaler med Bluetooth/Wi-Fi Black,.000000,,,,,,,,Y
,Sony SRS-ZR7 trådløs højttaler med Bluetooth/Wi-Fi White,T,Sony SRS-ZR7 trådløs højttaler med Bluetooth/Wi-Fi White,Sony SRS-ZR7 trådløs højttaler med Bluetooth/Wi-Fi White,.000000,,,,,,,,Y
,Sony SRS-X99 Trådløs højttaler med Wi-Fi/Bluetooth,T,Sony SRS-X99 Trådløs højttaler med Wi-Fi/Bluetooth,Sony SRS-X99 Trådløs højttaler med Wi-Fi/Bluetooth,.000000,,,,,,,,Y
,Sony h.ear in NC Yellow,HIMNS,Sony h.ear in NC Yellow,Sony h.ear in NC Yellow,.000000,,,,,,,,Y
,Sony h.ear in NC Pink,HIMNS,Sony h.ear in NC Pink,Sony h.ear in NC Pink,.000000,,,,,,,,Y
,Sony h.ear in NC Red,HIMNS,Sony h.ear in NC Red,Sony h.ear in NC Red,.000000,,,,,,,,Y
,Sony h.ear in NC Blue,HIMNS,Sony h.ear in NC Blue,Sony h.ear in NC Blue,.000000,,,,,,,,Y
,Sony h.ear in NC Black,HIMNS,Sony h.ear in NC Black,Sony h.ear in NC Black,.000000,,,,,,,,Y
,Sony PS-HX500 USB-pladespiller,P,Sony PS-HX500 USB-pladespiller,Sony PS-HX500 USB-pladespiller,.000000,,,,,,,,Y
,Audio-Technica AT-PHA100,DP,Audio-Technica AT-PHA100,Audio-Technica AT-PHA100,.000000,,,,,,,,Y
,Audio-Technica ATH-ANC9,HMNS,Audio-Technica ATH-ANC9,Audio-Technica ATH-ANC9,1749.000000,,,,,,,,Y
,Audio-Technica ATH-ANC70,HMNS,Audio-Technica ATH-ANC70,Audio-Technica ATH-ANC70,1199.000000,,,,,,,,Y
,Sony DR-ZX301IP Red,HMS,Sony DR-ZX301IP Red,Sony DR-ZX301IP Red,.000000,,,,,,,,Y
,Sony DR-ZX301IP Black,HMS,Sony DR-ZX301IP Black,Sony DR-ZX301IP Black,.000000,,,,,,,,Y
,Sony DR-ZX301IP White,HMS,Sony DR-ZX301IP White,Sony DR-ZX301IP White,.000000,,,,,,,,Y
,Sony DR-ZX302VP Blue,HMS,Sony DR-ZX302VP Blue,Sony DR-ZX302VP Blue,.000000,,,,,,,,Y
,Sony DR-ZX302VP Black,HMS,Sony DR-ZX302VP Black,Sony DR-ZX302VP Black,.000000,,,,,,,,Y
,Sony DR-ZX302VP White,HMS,Sony DR-ZX302VP White,Sony DR-ZX302VP White,.000000,,,,,,,,Y
,Sony DR-BTN200 Bluetooth White,HMSW,Sony DR-BTN200 Bluetooth White,Sony DR-BTN200 Bluetooth White,.000000,,,,,,,,Y
,Sony DR-BTN200 Bluetooth Black,HMSW,Sony DR-BTN200 Bluetooth Black,Sony DR-BTN200 Bluetooth Black,.000000,,,,,,,,Y
,Sony MDR-V55 Red,DHS,Sony MDR-V55 Red,Sony MDR-V55 Red,.000000,,,,,,,,Y
,Sony MDR-V55 White,DHS,Sony MDR-V55 White,Sony MDR-V55 White,.000000,,,,,,,,Y
,Sony MDR-V55 Black,DHS,Sony MDR-V55 Black,Sony MDR-V55 Black,.000000,,,,,,,,Y
,Sony MDR-V55 Blue,DHS,Sony MDR-V55 Blue,Sony MDR-V55 Blue,.000000,,,,,,,,Y
,Sony MDR-ZX110 Pink,HS,Sony MDR-ZX110 Pink,Sony MDR-ZX110 Pink,.000000,,,,,,,,Y
,Sony MDR-ZX110 Black,HS,Sony MDR-ZX110 Black,Sony MDR-ZX110 Black,.000000,,,,,,,,Y
,Sony MDR-ZX110 White,HS,Sony MDR-ZX110 White,Sony MDR-ZX110 White,.000000,,,,,,,,Y
,Audio-Techinca ATH-ANC7B-SVIS,HMNS,Audio-Techinca ATH-ANC7B-SVIS,Audio-Techinca ATH-ANC7B-SVIS,.000000,,,,,,,,Y
,Audio-Technica ATH-CKX7IS Red,HIMS,Audio-Technica ATH-CKX7IS Red,Audio-Technica ATH-CKX7IS Red,.000000,,,,,,,,Y
,Audio-Technica ATH-CKX7IS Blue,HIMS,Audio-Technica ATH-CKX7IS Blue,Audio-Technica ATH-CKX7IS Blue,529.000000,,,,,,,,Y
,Audio-Technica ATH-CKX7IS Purple,HIMS,Audio-Technica ATH-CKX7IS Purple,Audio-Technica ATH-CKX7IS Purple,529.000000,,,,,,,,Y
,Audio-Technica ATH-CKX7IS Black,HIMS,Audio-Technica ATH-CKX7IS Black,Audio-Technica ATH-CKX7IS Black,529.000000,,,,,,,,Y
,Audio-Technica ATH-CKX7IS White,HIMS,Audio-Technica ATH-CKX7IS White,Audio-Technica ATH-CKX7IS White,529.000000,,,,,,,,Y
,Audio-Technica ATH-CKS55I Red,HIM,Audio-Technica ATH-CKS55I Red,Audio-Technica ATH-CKS55I Red,.000000,,,,,,,,Y
,Audio-Technica ATH-CKS55I Black,HIM,Audio-Technica ATH-CKS55I Black,Audio-Technica ATH-CKS55I Black,.000000,,,,,,,,Y
,Audio-Technica ATH-CKS55I White,HIM,Audio-Technica ATH-CKS55I White,Audio-Technica ATH-CKS55I White,.000000,,,,,,,,Y
,Audio-Technica ATH-CKR9,HHI,Audio-Technica ATH-CKR9,Audio-Technica ATH-CKR9,1769.000000,,,,,,,,Y
,Audio-Techinica ATH-CKP200IS Blue,HIMS,Audio-Techinica ATH-CKP200IS Blue,Audio-Techinica ATH-CKP200IS Blue,.000000,,,,,,,,Y
,Audio-Techinica ATH-CKP200IS Black,IMS,Audio-Techinica ATH-CKP200IS Black,Audio-Techinica ATH-CKP200IS Black,.000000,,,,,,,,Y
,Audio-Techinica ATH-CKP200IS Red,HIMS,Audio-Techinica ATH-CKP200IS Red,Audio-Techinica ATH-CKP200IS Red,.000000,,,,,,,,Y
,Audio-Technica ATH-CK323I Yellow,HIM,Audio-Technica ATH-CK323I Yellow,Audio-Technica ATH-CK323I Yellow,.000000,,,,,,,,Y
,Audio-Technica ATH-CK323I Pink,HIM,Audio-Technica ATH-CK323I Pink,Audio-Technica ATH-CK323I Pink,.000000,,,,,,,,Y
,Audio-Technica ATH-CK323I Red,HIM,Audio-Technica ATH-CK323I Red,Audio-Technica ATH-CK323I Red,.000000,,,,,,,,Y
,Audio-Technica ATH-CK323I Black,HIM,Audio-Technica ATH-CK323I Black,Audio-Technica ATH-CK323I Black,.000000,,,,,,,,Y
,Audio-Technica ATH-CK323I White,HIM,Audio-Technica ATH-CK323I White,Audio-Technica ATH-CK323I White,.000000,,,,,,,,Y
,Audio-Technica ATH-CHX7iS Red,HIMS,Audio-Technica ATH-CHX7iS Red,Audio-Technica ATH-CHX7iS Red,.000000,,,,,,,,Y
,Audio-Technica ATH-CHX7iS Black,HIMS,Audio-Technica ATH-CHX7iS Black,Audio-Technica ATH-CHX7iS Black,.000000,,,,,,,,Y
,Audio-Technica ATH-CHX7iS White,HIMS,Audio-Technica ATH-CHX7iS White,Audio-Technica ATH-CHX7iS White,.000000,,,,,,,,Y
,Sony MDR-AS700BT Sport Bluetooth Blue,HMS,Sony MDR-AS700BT Sport Bluetooth Blue,Sony MDR-AS700BT Sport Bluetooth Blue,.000000,,,,,,,,Y
,Sony MDR-AS700BT Sport Bluetooth Orange,HMS,Sony MDR-AS700BT Sport Bluetooth Orange,Sony MDR-AS700BT Sport Bluetooth Orange,.000000,,,,,,,,Y
,Sony MDR-XB450AP EXTRA BASS Red,HMS,Sony MDR-XB450AP EXTRA BASS Red,Sony MDR-XB450AP EXTRA BASS Red,.000000,,,,,,,,Y
,Sony MDR-XB450AP EXTRA BASS White,HMS,Sony MDR-XB450AP EXTRA BASS White,Sony MDR-XB450AP EXTRA BASS White,.000000,,,,,,,,Y
,Sony MDR-XB450AP EXTRA BASS Blue,HMS,Sony MDR-XB450AP EXTRA BASS Blue,Sony MDR-XB450AP EXTRA BASS Blue,.000000,,,,,,,,Y
,Sony MDR-XB450AP EXTRA BASS Black,HMS,Sony MDR-XB450AP EXTRA BASS Black,Sony MDR-XB450AP EXTRA BASS Black,.000000,,,,,,,,Y
,Audio-Technica ATH-MSR7NC,HMNS,Audio-Technica ATH-MSR7NC,Audio-Technica ATH-MSR7NC,2799.000000,,,,,,,,Y
,Audio-Technica ATH-MSR7 Gun Metal,HMS,Audio-Technica ATH-MSR7 Gun Metal,Audio-Technica ATH-MSR7 Gun Metal,1899.000000,,,,,,,,Y
,Audio-Technica ATH-MSR7 Black,HMS,Audio-Technica ATH-MSR7 Black,Audio-Technica ATH-MSR7 Black,1899.000000,,,,,,,,Y
,Audio-Technica ATH-ES7,HS,Audio-Technica ATH-ES7,Audio-Technica ATH-ES7,.000000,,,,,,,,Y
,Audio-Technica ATH-WS77,HS,Audio-Technica ATH-WS77,Audio-Technica ATH-WS77,.000000,,,,,,,,Y
,Audio-Technica ATH-SR5BT White,HMSW,Audio-Technica ATH-SR5BT White,Audio-Technica ATH-SR5BT White,.000000,,,,,,,,Y
,Audio-Technica ATH-SR5BT Black,HMSW,Audio-Technica ATH-SR5BT Black,Audio-Technica ATH-SR5BT Black,.000000,,,,,,,,Y
,Audio-Technica ATH-SPORT3 Red,HIS,Audio-Technica ATH-SPORT3 Red,Audio-Technica ATH-SPORT3 Red,489.000000,,,,,,,,Y
,Audio-Technica ATH-SPORT3 Black,HIS,Audio-Technica ATH-SPORT3 Black,Audio-Technica ATH-SPORT3 Black,489.000000,,,,,,,,Y
,Sony MDR-ZX110NA Noise Cancelling White,HMN,Sony MDR-ZX110NA Noise Cancelling White,Sony MDR-ZX110NA Noise Cancelling White,.000000,,,,,,,,Y
,Sony MDR-ZX110NA Noise Cancelling Black,HMN,Sony MDR-ZX110NA Noise Cancelling Black,Sony MDR-ZX110NA Noise Cancelling Black,.000000,,,,,,,,Y
,Sony MDR-ZX310 Blue,HS,Sony MDR-ZX310 Blue,Sony MDR-ZX310 Blue,.000000,,,,,,,,Y
,Sony MDR-ZX310 Red,HS,Sony MDR-ZX310 Red,Sony MDR-ZX310 Red,.000000,,,,,,,,Y
,Sony MDR-ZX310 Black,HS,Sony MDR-ZX310 Black,Sony MDR-ZX310 Black,.000000,,,,,,,,Y
,Sony MDR-ZX310 White,HS,Sony MDR-ZX310 White,Sony MDR-ZX310 White,.000000,,,,,,,,Y
,Sony MDR-ZX330BT Bluetooth,HSW,Sony MDR-ZX330BT Bluetooth,Sony MDR-ZX330BT Bluetooth,.000000,,,,,,,,Y
,Sony MDR-ZX660AP Orange,HMS,Sony MDR-ZX660AP Orange,Sony MDR-ZX660AP Orange,.000000,,,,,,,,Y
,Sony MDR-ZX660AP Green,HMS,Sony MDR-ZX660AP Green,Sony MDR-ZX660AP Green,.000000,,,,,,,,Y
,Sony MDR-ZX660AP Creme,HMS,Sony MDR-ZX660AP Creme,Sony MDR-ZX660AP Creme,.000000,,,,,,,,Y
,Sony MDR-ZX660AP Blue,HMS,Sony MDR-ZX660AP Blue,Sony MDR-ZX660AP Blue,.000000,,,,,,,,Y
,Sony MDR-ZX660AP Black,HMS,Sony MDR-ZX660AP Black,Sony MDR-ZX660AP Black,.000000,,,,,,,,Y
,Sony MDR-ZX660AP White,HMS,Sony MDR-ZX660AP White,Sony MDR-ZX660AP White,.000000,,,,,,,,Y
,Sony MDR-10RC White,HMS,Sony MDR-10RC White,Sony MDR-10RC White,.000000,,,,,,,,Y
,Sony MDR-10RC Black,HMS,Sony MDR-10RC Black,Sony MDR-10RC Black,.000000,,,,,,,,Y
,Sony MDR-10RC Red,HMS,Sony MDR-10RC Red,Sony MDR-10RC Red,.000000,,,,,,,,Y
,Sony h.ear on Wireless NC Yellow,HMNSW,Sony h.ear on Wireless NC Yellow,Sony h.ear on Wireless NC Yellow,.000000,,,,,,,,Y
,Sony h.ear on Wireless NC Pink,HMNSW,Sony h.ear on Wireless NC Pink,Sony h.ear on Wireless NC Pink,.000000,,,,,,,,Y
,Sony h.ear on Wireless NC Red,HMNSW,Sony h.ear on Wireless NC Red,Sony h.ear on Wireless NC Red,.000000,,,,,,,,Y
,Sony h.ear on Wireless NC Black,HMNSW,Sony h.ear on Wireless NC Black,Sony h.ear on Wireless NC Black,.000000,,,,,,,,Y
,Sony h.ear on Wireless NC Blue,HMNSW,Sony h.ear on Wireless NC Blue,Sony h.ear on Wireless NC Blue,.000000,,,,,,,,Y
,Sony h.ear on Yellow,HMS,Sony h.ear on Yellow,Sony h.ear on Yellow,.000000,,,,,,,,Y
,Sony h.ear on Red,HMS,Sony h.ear on Red,Sony h.ear on Red,.000000,,,,,,,,Y
,Sony h.ear on Pink,HMS,Sony h.ear on Pink,Sony h.ear on Pink,.000000,,,,,,,,Y
,Sony h.ear on Blue,HMS,Sony h.ear on Blue,Sony h.ear on Blue,.000000,,,,,,,,Y
,Sony h.ear on Black,HMS,Sony h.ear on Black,Sony h.ear on Black,.000000,,,,,,,,Y
,Sony XB950BT EXTRA BASS Bluetooth,HMSW,Sony XB950BT EXTRA BASS Bluetooth,Sony XB950BT EXTRA BASS Bluetooth,.000000,,,,,,,,Y
,Sony MDR-XB950AP EXTRA BASS,HMS,Sony MDR-XB950AP EXTRA BASS,Sony MDR-XB950AP EXTRA BASS,.000000,,,,,,,,Y
,Sony MDR-ZX770BN Blue,HMNSW,Sony MDR-ZX770BN Blue,Sony MDR-ZX770BN Blue,.000000,,,,,,,,Y
,Sony MDR-ZX770BN,HMNSW,Sony MDR-ZX770BN,Sony MDR-ZX770BN,.000000,,,,,,,,Y
,Sony MDR-10RBT,HHMSW,Sony MDR-10RBT,Sony MDR-10RBT,.000000,,,,,,,,Y
,Sony MDR-1RNC,HHMNS,Sony MDR-1RNC,Sony MDR-1RNC,.000000,,,,,,,,Y
,Sony MDR-1RBT,HHMSW,Sony MDR-1RBT,Sony MDR-1RBT,.000000,,,,,,,,Y
,Sony MDR-1A Silver,HHMS,Sony MDR-1A Silver,Sony MDR-1A Silver,.000000,,,,,,,,Y
,Sony MDR-1A,HHMS,Sony MDR-1A,Sony MDR-1A,.000000,,,,,,,,Y
,Sony MDR-1ABT Silver,HHMSW,Sony MDR-1ABT Silver,Sony MDR-1ABT Silver,.000000,,,,,,,,Y
,Sony MDR-1ABT,HHMSW,Sony MDR-1ABT,Sony MDR-1ABT,.000000,,,,,,,,Y
,Sony PHA-1A,D,Sony PHA-1A,Sony PHA-1A,.000000,,,,,,,,Y
,Sony PHA-3AC DAC,D,Sony PHA-3AC DAC,Sony PHA-3AC DAC,.000000,,,,,,,,Y
,Apogee groove,D,Apogee groove,Apogee groove,2899.000000,,,,,,,,Y
,Sennheiser Momentum I MKII Ivory til Apple,HHMS,Sennheiser Momentum I MKII Ivory til Apple,Sennheiser Momentum I MKII Ivory til Apple,.000000,,,,,,,,Y
,Sennheiser Momentum I MKII Brown til Apple,HHMS,Sennheiser Momentum I MKII Brown til Apple,Sennheiser Momentum I MKII Brown til Apple,.000000,,,,,,,,Y
,Sennheiser Momentum G MKII Ivory til Android/Samsung,HHMS,Sennheiser Momentum G MKII Ivory til Android/Samsung,Sennheiser Momentum G MKII Ivory til Android/Samsung,.000000,,,,,,,,Y
,Sennheiser Momentum G MKII Black til Android/Samsung,HHMS,Sennheiser Momentum G MKII Black til Android/Samsung,Sennheiser Momentum G MKII Black til Android/Samsung,.000000,,,,,,,,Y
,Sennheiser Momentum I MKII Black til Apple,HHMS,Sennheiser Momentum I MKII Black til Apple,Sennheiser Momentum I MKII Black til Apple,.000000,,,,,,,,Y
,Sennheiser Momentum On-Ear G Ivory MKII til Android/Samsung,HHMS,Sennheiser Momentum On-Ear G Ivory MKII til Android/Samsung,Sennheiser Momentum On-Ear G Ivory MKII til Android/Samsung,.000000,,,,,,,,Y
,Sennheiser Momentum On-Ear G Black MKII til Android/Samsung,HHMS,Sennheiser Momentum On-Ear G Black MKII til Android/Samsung,Sennheiser Momentum On-Ear G Black MKII til Android/Samsung,.000000,,,,,,,,Y
,Sennheiser Momentum On-Ear I Ivory MKII til Apple,HHMS,Sennheiser Momentum On-Ear I Ivory MKII til Apple,Sennheiser Momentum On-Ear I Ivory MKII til Apple,.000000,,,,,,,,Y
,Sennheiser Momentum On-Ear I Brown MKII til Apple,HHMS,Sennheiser Momentum On-Ear I Brown MKII til Apple,Sennheiser Momentum On-Ear I Brown MKII til Apple,.000000,,,,,,,,Y
,Sennheiser Momentum On-Ear I Black MKII til Apple,HHMS,Sennheiser Momentum On-Ear I Black MKII til Apple,Sennheiser Momentum On-Ear I Black MKII til Apple,.000000,,,,,,,,Y
,Sennheiser Momentum in-ear i Black/Chrome til Apple,HHIMS,Sennheiser Momentum in-ear i Black/Chrome til Apple,Sennheiser Momentum in-ear i Black/Chrome til Apple,.000000,,,,,,,,Y
,Sennheiser Momentum in-ear i Black til Apple,HHIMS,Sennheiser Momentum in-ear i Black til Apple,Sennheiser Momentum in-ear i Black til Apple,.000000,,,,,,,,Y
,Sennheiser Momentum in-ear G Black/Chrome til Android/Samsung,HHIMS,Sennheiser Momentum in-ear G Black/Chrome til Android/Samsung,Sennheiser Momentum in-ear G Black/Chrome til Android/Samsung,.000000,,,,,,,,Y
,Sennheiser Momentum in-ear G Black til Android/Samsung,HHIMS,Sennheiser Momentum in-ear G Black til Android/Samsung,Sennheiser Momentum in-ear G Black til Android/Samsung,.000000,,,,,,,,Y
,Sennheiser OCX 686i SPORTS til Apple,HIMS,Sennheiser OCX 686i SPORTS til Apple,Sennheiser OCX 686i SPORTS til Apple,.000000,,,,,,,,Y
,Sennheiser OCX 686G SPORTS til Android/Samsung,HIMS,Sennheiser OCX 686G SPORTS til Android/Samsung,Sennheiser OCX 686G SPORTS til Android/Samsung,.000000,,,,,,,,Y
,Sennheiser MM 30G,HIMS,Sennheiser MM 30G,Sennheiser MM 30G,.000000,,,,,,,,Y
,Sennheiser MM 30G White,HIMS,Sennheiser MM 30G White,Sennheiser MM 30G White,.000000,,,,,,,,Y
,Sennheiser IE 80,HHIS,Sennheiser IE 80,Sennheiser IE 80,.000000,,,,,,,,Y
,Sennheiser CX 3.00 Red,HIS,Sennheiser CX 3.00 Red,Sennheiser CX 3.00 Red,.000000,,,,,,,,Y
,Sennheiser CX 3.00,HIS,Sennheiser CX 3.00,Sennheiser CX 3.00,.000000,,,,,,,,Y
,Sennheiser CX 3.00 White,HIS,Sennheiser CX 3.00 White,Sennheiser CX 3.00 White,.000000,,,,,,,,Y
,Sennheiser CX 2.00G White til Android/Samsung produkter,HIMS,Sennheiser CX 2.00G White til Android/Samsung produkter,Sennheiser CX 2.00G White til Android/Samsung produkter,.000000,,,,,,,,Y
,Sennheiser CX 2.00i White til apple produkter,HIMS,Sennheiser CX 2.00i White til apple produkter,Sennheiser CX 2.00i White til apple produkter,.000000,,,,,,,,Y
,Sennheiser CX 2.00G til Android/Samsung produkter,HIMS,Sennheiser CX 2.00G til Android/Samsung produkter,Sennheiser CX 2.00G til Android/Samsung produkter,.000000,,,,,,,,Y
,Sennheiser CX 2.00i til apple produkter,HIMS,Sennheiser CX 2.00i til apple produkter,Sennheiser CX 2.00i til apple produkter,.000000,,,,,,,,Y
,Sennheiser CX 1.00 White,HI,Sennheiser CX 1.00 White,Sennheiser CX 1.00 White,.000000,,,,,,,,Y
,Sennheiser CX 1.00,HI,Sennheiser CX 1.00,Sennheiser CX 1.00,.000000,,,,,,,,Y
,Sennheiser HD 600,HH,Sennheiser HD 600,Sennheiser HD 600,.000000,,,,,,,,Y
,Sennheiser HD 380 PRO,HS,Sennheiser HD 380 PRO,Sennheiser HD 380 PRO,.000000,,,,,,,,Y
,Sennheiser HD 25-SP II,DHS,Sennheiser HD 25-SP II,Sennheiser HD 25-SP II,.000000,,,,,,,,Y
,Sennheiser HD 25-1 II,DHS,Sennheiser HD 25-1 II,Sennheiser HD 25-1 II,.000000,,,,,,,,Y
,beyerdynamic A20 hovedtelefon forstærker,P,beyerdynamic A20 hovedtelefon forstærker,beyerdynamic A20 hovedtelefon forstærker,3699.000000,,,,,,,,Y
,beyerdynamic T 90,HH,beyerdynamic T 90,beyerdynamic T 90,3499.000000,,,,,,,,Y
,beyerdynamic T 70 - 250 Ohm,HH,beyerdynamic T 70 - 250 Ohm,beyerdynamic T 70 - 250 Ohm,3399.000000,,,,,,,,Y
,beyerdynamic T 70 p - 32 Ohm,HHS,beyerdynamic T 70 p - 32 Ohm,beyerdynamic T 70 p - 32 Ohm,3399.000000,,,,,,,,Y
,beyerdynamic DT 231 Pro,HSS,beyerdynamic DT 231 Pro,beyerdynamic DT 231 Pro,349.000000,,,,,,,,Y
,beyerdynamic DT 1770 Pro,HS,beyerdynamic DT 1770 Pro,beyerdynamic DT 1770 Pro,4499.000000,,,,,,,,Y
,Bose Soundlink Bluetooth højttaler III,T,Bose Soundlink Bluetooth højttaler III,Bose Soundlink Bluetooth højttaler III,.000000,,,,,,,,Y
,Bose Soundlink Colour Bluetooth højttaler Green,T,Bose Soundlink Colour Bluetooth højttaler Green,Bose Soundlink Colour Bluetooth højttaler Green,.000000,,,,,,,,Y
,Bose Soundlink Colour Bluetooth højttaler Blue,T,Bose Soundlink Colour Bluetooth højttaler Blue,Bose Soundlink Colour Bluetooth højttaler Blue,.000000,,,,,,,,Y
,Bose Soundlink Colour Bluetooth højttaler Red,T,Bose Soundlink Colour Bluetooth højttaler Red,Bose Soundlink Colour Bluetooth højttaler Red,.000000,,,,,,,,Y
,Bose Soundlink Colour Bluetooth højttaler White,T,Bose Soundlink Colour Bluetooth højttaler White,Bose Soundlink Colour Bluetooth højttaler White,.000000,,,,,,,,Y
,Bose Soundlink Colour Bluetooth højttaler Black,T,Bose Soundlink Colour Bluetooth højttaler Black,Bose Soundlink Colour Bluetooth højttaler Black,.000000,,,,,,,,Y
,Bose Soundlink around-ear trådløse hovedtelefoner 2 White,HHMSW,Bose Soundlink around-ear trådløse hovedtelefoner 2 White,Bose Soundlink around-ear trådløse hovedtelefoner 2 White,.000000,,,,,,,,Y
,Bose Soundlink around-ear trådløse hovedtelefoner 2,HHMSW,Bose Soundlink around-ear trådløse hovedtelefoner 2,Bose Soundlink around-ear trådløse hovedtelefoner 2,.000000,,,,,,,,Y
,beyerdynamic Custom Studio,HS,beyerdynamic Custom Studio,beyerdynamic Custom Studio,1649.000000,,,,,,,,Y
,beyerdynamic MMX 300,GHM,beyerdynamic MMX 300,beyerdynamic MMX 300,2399.000000,,,,,,,,Y
,beyerdynamic Custom Street,HMS,beyerdynamic Custom Street,beyerdynamic Custom Street,899.000000,,,,,,,,Y
,beyerdynamic Custom Street White,HMS,beyerdynamic Custom Street White,beyerdynamic Custom Street White,899.000000,,,,,,,,Y
,beyerdynamic iDX 200 iE,HIMS,beyerdynamic iDX 200 iE,beyerdynamic iDX 200 iE,1499.000000,,,,,,,,Y
,beyerdynamic iDX 120 iE,HIMS,beyerdynamic iDX 120 iE,beyerdynamic iDX 120 iE,699.000000,,,,,,,,Y
,beyerdynamic iDX 160 iE,HIMS,beyerdynamic iDX 160 iE,beyerdynamic iDX 160 iE,849.000000,,,,,,,,Y
,beyerdynamic T1,HHS,beyerdynamic T1,beyerdynamic T1,6999.000000,,,,,,,,Y
,beyerdynamic Custom One Pro Plus White,HMSS,beyerdynamic Custom One Pro Plus White,beyerdynamic Custom One Pro Plus White,1399.000000,,,,,,,,Y
,beyerdynamic Custom One Pro Plus,HMSS,beyerdynamic Custom One Pro Plus,beyerdynamic Custom One Pro Plus,1399.000000,,,,,,,,Y
,Marshall Monitor Steel ED.,HMS,Marshall Monitor Steel ED.,Marshall Monitor Steel ED.,.000000,,,,,,,,Y
,Marshall Monitor Black,HMS,Marshall Monitor Black,Marshall Monitor Black,.000000,,,,,,,,Y
,Marshall Major II Steel ED.,HMS,Marshall Major II Steel ED.,Marshall Major II Steel ED.,.000000,,,,,,,,Y
,Marshall Major II Pitch Black,HMS,Marshall Major II Pitch Black,Marshall Major II Pitch Black,.000000,,,,,,,,Y
,Marshall Major II White,HMS,Marshall Major II White,Marshall Major II White,.000000,,,,,,,,Y
,Marshall Major II Brown,HMS,Marshall Major II Brown,Marshall Major II Brown,.000000,,,,,,,,Y
,Marshall Major II Black,HMS,Marshall Major II Black,Marshall Major II Black,.000000,,,,,,,,Y
,Marshall Major Black,HMS,Marshall Major Black,Marshall Major Black,.000000,,,,,,,,Y
,Klipsch R6m,IMSS,Klipsch R6m,Klipsch R6m,599.000000,,,,,,,,Y
,Klipsch R6i,IMSS,Klipsch R6i,Klipsch R6i,599.000000,,,,,,,,Y
,Klipsch R6i White,IMSS,Klipsch R6i White,Klipsch R6i White,599.000000,,,,,,,,Y
,Klipsch R6 White,ISS,Klipsch R6 White,Klipsch R6 White,499.000000,,,,,,,,Y
,Klipsch R6,ISS,Klipsch R6,Klipsch R6,499.000000,,,,,,,,Y
,Klipsch KG200,GM,Klipsch KG200,Klipsch KG200,699.000000,,,,,,,,Y
,Klipsch Reference X20i,IMSS,Klipsch Reference X20i,Klipsch Reference X20i,3699.000000,,,,,,,,Y
,Klipsch Reference X12i,IMSS,Klipsch Reference X12i,Klipsch Reference X12i,2199.000000,,,,,,,,Y
,Klipsch Reference XR8i,IMSS,Klipsch Reference XR8i,Klipsch Reference XR8i,1899.000000,,,,,,,,Y
,Klipsch Reference X6i White,IMSS,Klipsch Reference X6i White,Klipsch Reference X6i White,1399.000000,,,,,,,,Y
,Klipsch Reference X6i,IMSS,Klipsch Reference X6i,Klipsch Reference X6i,1399.000000,,,,,,,,Y
,Klipsch R6 In-Ear Bluetooth,IMSSW,Klipsch R6 In-Ear Bluetooth,Klipsch R6 In-Ear Bluetooth,1299.000000,,,,,,,,Y
,Skullcandy XTfree Wireless WOMENS Swirl/Coolgray/Charcoal,HIMSW,Skullcandy XTfree Wireless WOMENS Swirl/Coolgray/Charcoal,Skullcandy XTfree Wireless WOMENS Swirl/Coolgray/Charcoal,899.000000,,,,,,,,Y
,Skullcandy XTfree Wireless Navy/Blue,HIMSW,Skullcandy XTfree Wireless Navy/Blue,Skullcandy XTfree Wireless Navy/Blue,899.000000,,,,,,,,Y
,Skullcandy XTfree Wireless Black/Gray,HIMSW,Skullcandy XTfree Wireless Black/Gray,Skullcandy XTfree Wireless Black/Gray,899.000000,,,,,,,,Y
,Skullcandy Smokin' Buds 2 Black/Red w/Mic1,HIMS,Skullcandy Smokin' Buds 2 Black/Red w/Mic1,Skullcandy Smokin' Buds 2 Black/Red w/Mic1,279.000000,,,,,,,,Y
,Skullcandy Smokin' Buds 2 DIME Coral/Floral/Burgundy w/Mic1,HIMS,Skullcandy Smokin' Buds 2 DIME Coral/Floral/Burgundy w/Mic1,Skullcandy Smokin' Buds 2 DIME Coral/Floral/Burgundy w/Mic1,279.000000,,,,,,,,Y
,Skullcandy METHOD Teal/Green/Green w/Mic1,IMSS,Skullcandy METHOD Teal/Green/Green w/Mic1,Skullcandy METHOD Teal/Green/Green w/Mic1,249.000000,,,,,,,,Y
,Skullcandy METHOD Navy/Blue w/Mic1,IMSS,Skullcandy METHOD Navy/Blue w/Mic1,Skullcandy METHOD Navy/Blue w/Mic1,249.000000,,,,,,,,Y
,Skullcandy METHOD Plum/Pink/Pink w/Mic1,IMSS,Skullcandy METHOD Plum/Pink/Pink w/Mic1,Skullcandy METHOD Plum/Pink/Pink w/Mic1,249.000000,,,,,,,,Y
,Skullcandy METHOD Ltgray/Gray/Ltgray w/Mic1,IMSS,Skullcandy METHOD Ltgray/Gray/Ltgray w/Mic1,Skullcandy METHOD Ltgray/Gray/Ltgray w/Mic1,249.000000,,,,,,,,Y
,Skullcandy CHOPS BUD Black,HISS,Skullcandy CHOPS BUD Black,Skullcandy CHOPS BUD Black,189.000000,,,,,,,,Y
,Skullcandy XTPLYO Black/Gray w/Mic 1,IMSS,Skullcandy XTPLYO Black/Gray w/Mic 1,Skullcandy XTPLYO Black/Gray w/Mic 1,449.00.000000,,,,,,,,Y
,Skullcandy XTPLYO WOMENS SWIRL/COOLGRAY/CHARCOAL W/MIC 1,IMSS,Skullcandy XTPLYO WOMENS SWIRL/COOLGRAY/CHARCOAL W/MIC 1,Skullcandy XTPLYO WOMENS SWIRL/COOLGRAY/CHARCOAL W/MIC 1,449.00.000000,,,,,,,,Y
,Skullcandy XTPLYO Teal/Green/Green w/Mic 1,IMSS,Skullcandy XTPLYO Teal/Green/Green w/Mic 1,Skullcandy XTPLYO Teal/Green/Green w/Mic 1,449.00.000000,,,,,,,,Y
,Skullcandy XTPLYO WOMENS Pink/Orange/Orange w/Mic 1,IMSS,Skullcandy XTPLYO WOMENS Pink/Orange/Orange w/Mic 1,Skullcandy XTPLYO WOMENS Pink/Orange/Orange w/Mic 1,449.00.000000,,,,,,,,Y
,Skullcandy XTPLYO Plum/Pink/Pink w/Mic 1,IMSS,Skullcandy XTPLYO Plum/Pink/Pink w/Mic 1,Skullcandy XTPLYO Plum/Pink/Pink w/Mic 1,449.00.000000,,,,,,,,Y
,Skullcandy PLYR 2 White,GM,Skullcandy PLYR 2 White,Skullcandy PLYR 2 White,899.000000,,,,,,,,Y
,Skullcandy GRIND White/Black/Red w/Tap Tech,HMS,Skullcandy GRIND White/Black/Red w/Tap Tech,Skullcandy GRIND White/Black/Red w/Tap Tech,399.000000,,,,,,,,Y
,Skullcandy GRIND Famed/Royal/Blue w/Tap Tech,HMS,Skullcandy GRIND Famed/Royal/Blue w/Tap Tech,Skullcandy GRIND Famed/Royal/Blue w/Tap Tech,399.000000,,,,,,,,Y
,Skullcandy GRIND Famed/Purple/Black w/Tap Tech,HMS,Skullcandy GRIND Famed/Purple/Black w/Tap Tech,Skullcandy GRIND Famed/Purple/Black w/Tap Tech,399.000000,,,,,,,,Y
,Skullcandy GRIND Black/Gray w/Tap Tech,HMS,Skullcandy GRIND Black/Gray w/Tap Tech,Skullcandy GRIND Black/Gray w/Tap Tech,399.000000,,,,,,,,Y
,Skullcandy GRIND Locals Only/Yellow/Black w/Tap Tech,HMS,Skullcandy GRIND Locals Only/Yellow/Black w/Tap Tech,Skullcandy GRIND Locals Only/Yellow/Black w/Tap Tech,449.000000,,,,,,,,Y
,Skullcandy GRIND Explore/Prange/Navy w/Tap Tech,HMS,Skullcandy GRIND Explore/Prange/Navy w/Tap Tech,Skullcandy GRIND Explore/Prange/Navy w/Tap Tech,449.000000,,,,,,,,Y
,Skullcandy GRIND Stripes/Navy/Blue w/Tap Tech,HMS,Skullcandy GRIND Stripes/Navy/Blue w/Tap Tech,Skullcandy GRIND Stripes/Navy/Blue w/Tap Tech,449.000000,,,,,,,,Y
,Skullcandy GRIND Scout Camo/Brown/Gold w/Tap Tech,HMS,Skullcandy GRIND Scout Camo/Brown/Gold w/Tap Tech,Skullcandy GRIND Scout Camo/Brown/Gold w/Tap Tech,449.000000,,,,,,,,Y
,Skullcandy UPROAR Ill Famed/Red/Black w/Tap Tech,MS,Skullcandy UPROAR Ill Famed/Red/Black w/Tap Tech,Skullcandy UPROAR Ill Famed/Red/Black w/Tap Tech,279.000000,,,,,,,,Y
,Skullcandy UPROAR Ill Famed/Royal/Blue w/Tap Tech,MS,Skullcandy UPROAR Ill Famed/Royal/Blue w/Tap Tech,Skullcandy UPROAR Ill Famed/Royal/Blue w/Tap Tech,279.000000,,,,,,,,Y
,Skullcandy UPROAR Black/Gray w/Tap Tech,MS,Skullcandy UPROAR Black/Gray w/Tap Tech,Skullcandy UPROAR Black/Gray w/Tap Tech,279.000000,,,,,,,,Y
,Skullcandy UPROAR Camo/Slate/Navy w/Tap Tech,MS,Skullcandy UPROAR Camo/Slate/Navy w/Tap Tech,Skullcandy UPROAR Camo/Slate/Navy w/Tap Tech,279.000000,,,,,,,,Y
,Skullcandy UPROAR Ill Famed/Coral/Cream w/Tap Tech,MS,Skullcandy UPROAR Ill Famed/Coral/Cream w/Tap Tech,Skullcandy UPROAR Ill Famed/Coral/Cream w/Tap Tech,279.000000,,,,,,,,Y
,Skullcandy UPROAR Explore/Animal/Mustard w/Tap Tech,MS,Skullcandy UPROAR Explore/Animal/Mustard w/Tap Tech,Skullcandy UPROAR Explore/Animal/Mustard w/Tap Tech,279.000000,,,,,,,,Y
,Skullcandy UPROAR Wireless Black/Gray w/Mic3,MSW,Skullcandy UPROAR Wireless Black/Gray w/Mic3,Skullcandy UPROAR Wireless Black/Gray w/Mic3,449.000000,,,,,,,,Y
,Skullcandy UPROAR Wireless Explore Evergreen/Orange/Cream w/Mic3,MSW,Skullcandy UPROAR Wireless Explore Evergreen/Orange/Cream w/Mic3,Skullcandy UPROAR Wireless Explore Evergreen/Orange/Cream w/Mic3,449.000000,,,,,,,,Y
,Skullcandy SLYR Wired Stereo Xbox One (Halo),GHMW,Skullcandy SLYR Wired Stereo Xbox One (Halo),Skullcandy SLYR Wired Stereo Xbox One (Halo),1099.000000,,,,,,,,Y
,Skullcandy SLYR Wired Stereo Xbox One (Green),GHMW,Skullcandy SLYR Wired Stereo Xbox One (Green),Skullcandy SLYR Wired Stereo Xbox One (Green),1099.000000,,,,,,,,Y
,Skullcandy SLYR White,GHM,Skullcandy SLYR White,Skullcandy SLYR White,649.000000,,,,,,,,Y
,Skullcandy SLYR Blue,GHMS,Skullcandy SLYR Blue,Skullcandy SLYR Blue,649.000000,,,,,,,,Y
,Skullcandy PLYR 2 Teal/Navy,GMW,Skullcandy PLYR 2 Teal/Navy,Skullcandy PLYR 2 Teal/Navy,899.000000,,,,,,,,Y
,Skullcandy PLYR 2 Black/Yellow,GMW,Skullcandy PLYR 2 Black/Yellow,Skullcandy PLYR 2 Black/Yellow,899.000000,,,,,,,,Y
,Skullcandy JIB Blue,I,Skullcandy JIB Blue,Skullcandy JIB Blue,129.00.000000,,,,,,,,Y
,Skullcandy CHOPS BUD Hot Red,HISS,Skullcandy CHOPS BUD Hot Red,Skullcandy CHOPS BUD Hot Red,189.000000,,,,,,,,Y
,Skullcandy CHOPS BUD Teal/Green,HISS,Skullcandy CHOPS BUD Teal/Green,Skullcandy CHOPS BUD Teal/Green,189.000000,,,,,,,,Y
,Skullcandy CHOPS BUD Yellow/Black,HISS,Skullcandy CHOPS BUD Yellow/Black,Skullcandy CHOPS BUD Yellow/Black,189.000000,,,,,,,,Y
,Skullcandy CHOPS BUD Plum/Pink,HISS,Skullcandy CHOPS BUD Plum/Pink,Skullcandy CHOPS BUD Plum/Pink,189.000000,,,,,,,,Y
,Skullcandy CHOPS BUD Navy/Blue,HISS,Skullcandy CHOPS BUD Navy/Blue,Skullcandy CHOPS BUD Navy/Blue,189.000000,,,,,,,,Y
,Skullcandy Smokin' Buds 2 DIME Tiffany/Smoked Purple w/Mic1,HIMS,Skullcandy Smokin' Buds 2 DIME Tiffany/Smoked Purple w/Mic1,Skullcandy Smokin' Buds 2 DIME Tiffany/Smoked Purple w/Mic1,279.000000,,,,,,,,Y
,Skullcandy Smokin' Buds 2 Black w/Mic1,HIMS,Skullcandy Smokin' Buds 2 Black w/Mic1,Skullcandy Smokin' Buds 2 Black w/Mic1,279.000000,,,,,,,,Y
,Skullcandy Smokin' Buds 2 Spaced Out/Orange Idrium/Afterburn w/Mic1,HIMS,Skullcandy Smokin' Buds 2 Spaced Out/Orange Idrium/Afterburn w/Mic1,Skullcandy Smokin' Buds 2 Spaced Out/Orange Idrium/Afterburn w/Mic1,279.000000,,,,,,,,Y
,Skullcandy Smokin' Buds 2 Spaced Out/Clear/Black w/Mic1,HIMS,Skullcandy Smokin' Buds 2 Spaced Out/Clear/Black w/Mic1,Skullcandy Smokin' Buds 2 Spaced Out/Clear/Black w/Mic1,279.000000,,,,,,,,Y
,Skullcandy Smokin' Buds 2 Hot Blue/Hot lime w/Mic1,HIMS,Skullcandy Smokin' Buds 2 Hot Blue/Hot lime w/Mic1,Skullcandy Smokin' Buds 2 Hot Blue/Hot lime w/Mic1,279.000000,,,,,,,,Y
,Skullcandy Smokin' Buds 2 DIME White/Geo/Black w/Mic1,HIMS,Skullcandy Smokin' Buds 2 DIME White/Geo/Black w/Mic1,Skullcandy Smokin' Buds 2 DIME White/Geo/Black w/Mic1,279.000000,,,,,,,,Y
,Skullcandy Smokin' Buds 2 Black/White w/Mic1,HIMS,Skullcandy Smokin' Buds 2 Black/White w/Mic1,Skullcandy Smokin' Buds 2 Black/White w/Mic1,279.000000,,,,,,,,Y
,Skullcandy Smokin' Buds 2 DIME Mash-Up/Clear/Coral w/Mic1,HIMS,Skullcandy Smokin' Buds 2 DIME Mash-Up/Clear/Coral w/Mic1,Skullcandy Smokin' Buds 2 DIME Mash-Up/Clear/Coral w/Mic1,279.000000,,,,,,,,Y
,beyerdynamic DT 770 Pro 250 Ohm,HSS,beyerdynamic DT 770 Pro 250 Ohm,beyerdynamic DT 770 Pro 250 Ohm,1149.000000,,,,,,,,Y
,Bose QuietComfort 25 Acoustic Noise Cancelling til Apple produkter White,HHMNS,Bose QuietComfort 25 Acoustic Noise Cancelling til Apple produkter White,Bose QuietComfort 25 Acoustic Noise Cancelling til Apple produkter White,1999.000000,,,,,,,,Y
,Bose QuietComfort 25 Acoustic Noise Cancelling til Apple produkter,HHMNS,Bose QuietComfort 25 Acoustic Noise Cancelling til Apple produkter,Bose QuietComfort 25 Acoustic Noise Cancelling til Apple produkter,1999.000000,,,,,,,,Y
,Bose QuietComfort 25 Acoustic Noise Cancelling til Android produkter,HHMNS,Bose QuietComfort 25 Acoustic Noise Cancelling til Android produkter,Bose QuietComfort 25 Acoustic Noise Cancelling til Android produkter,1999.000000,,,,,,,,Y
,Bose QuietComfort 25 Acoustic Noise Cancelling til Android produkter White,HHMNS,Bose QuietComfort 25 Acoustic Noise Cancelling til Android produkter White,Bose QuietComfort 25 Acoustic Noise Cancelling til Android produkter White,1999.000000,,,,,,,,Y
,beyerdynamic DT 990 Pro 250 Ohm,S,beyerdynamic DT 990 Pro 250 Ohm,beyerdynamic DT 990 Pro 250 Ohm,1149.000000,,,,,,,,Y
,Audio-Technica ATH-M50X WH,DHSS,Audio-Technica ATH-M50X WH,Audio-Technica ATH-M50X WH,1099.000000,,,,,,,,Y
,Audio-Technica ATH-M50X,DHSS,Audio-Technica ATH-M50X,Audio-Technica ATH-M50X,1099.000000,,,,,,,,Y
,Audio-Technica ATH-M40X,DHSS,Audio-Technica ATH-M40X,Audio-Technica ATH-M40X,799.000000,,,,,,,,Y
,Audio-Technica ATH-M30X,DHSS,Audio-Technica ATH-M30X,Audio-Technica ATH-M30X,549.000000,,,,,,,,Y
,Audio-Technica ATH-M20X,DHSS,Audio-Technica ATH-M20X,Audio-Technica ATH-M20X,389.000000,,,,,,,,Y
,Audio-Technica ATH-M70X,DHSS,Audio-Technica ATH-M70X,Audio-Technica ATH-M70X,2239.000000,,,,,,,,Y
,AKG IP2,HI,AKG IP2,AKG IP2,849.000000,,,,,,,,Y
,AKG K240 MKII 55 ohm,HS,AKG K240 MKII 55 ohm,AKG K240 MKII 55 ohm,899.000000,,,,,,,,Y
,AKG K701,HHS,AKG K701,AKG K701,1499.000000,,,,,,,,Y
,AKG K702,HHS,AKG K702,AKG K702,1699.000000,,,,,,,,Y
,AKG K141,HS,AKG K141,AKG K141,749.000000,,,,,,,,Y
,AKG K171 MKII,HS,AKG K171 MKII,AKG K171 MKII,849.000000,,,,,,,,Y
,AKG K121,HS,AKG K121,AKG K121,599.000000,,,,,,,,Y
,AKG K240 Studio,HS,AKG K240 Studio,AKG K240 Studio,739.000000,,,,,,,,Y
,AKG K712 PRO 62 ohm,HS,AKG K712 PRO 62 ohm,AKG K712 PRO 62 ohm,2649.000000,,,,,,,,Y
,AKG K612 PRO,HS,AKG K612 PRO,AKG K612 PRO,1149.000000,,,,,,,,Y
,AKG K271MKII 55ohm,HS,AKG K271MKII 55ohm,AKG K271MKII 55ohm,999.000000,,,,,,,,Y
,AKG K812,HS,AKG K812,AKG K812,10999.000000,,,,,,,,Y
,Skullcandy Crusher Black w/Mic1,HMS,Skullcandy Crusher Black w/Mic1,Skullcandy Crusher Black w/Mic1,649.000000,,,,,,,,Y
,Skullcandy Crusher White w/Mic1,HMS,Skullcandy Crusher White w/Mic1,Skullcandy Crusher White w/Mic1,649.000000,,,,,,,,Y
,Skullcandy Crusher Red w/Mic1,HMS,Skullcandy Crusher Red w/Mic1,Skullcandy Crusher Red w/Mic1,649.000000,,,,,,,,Y
,Skullcandy HESH 2.0 BT Camo/Olive w/Mic 3,HMSW,Skullcandy HESH 2.0 BT Camo/Olive w/Mic 3,Skullcandy HESH 2.0 BT Camo/Olive w/Mic 3,699.000000,,,,,,,,Y
,Skullcandy HESH 2.0 BT Black w/Mic 3,HMSW,Skullcandy HESH 2.0 BT Black w/Mic 3,Skullcandy HESH 2.0 BT Black w/Mic 3,699.000000,,,,,,,,Y
,Skullcandy HESH 2.0 Black/Black/Gun Metal w/mic,HMS,Skullcandy HESH 2.0 Black/Black/Gun Metal w/mic,Skullcandy HESH 2.0 Black/Black/Gun Metal w/mic,449.000000,,,,,,,,Y
,Skullcandy Crusher Granny Floral/Dark Gray w/Mic1,HMS,Skullcandy Crusher Granny Floral/Dark Gray w/Mic1,Skullcandy Crusher Granny Floral/Dark Gray w/Mic1,649.000000,,,,,,,,Y
,Skullcandy Crusher Realtree/Dark tan w/Mic1,HMS,Skullcandy Crusher Realtree/Dark tan w/Mic1,Skullcandy Crusher Realtree/Dark tan w/Mic1,649.000000,,,,,,,,Y
,Skullcandy Crusher Microfloral/Gray w/Mic1,HMS,Skullcandy Crusher Microfloral/Gray w/Mic1,Skullcandy Crusher Microfloral/Gray w/Mic1,649.000000,,,,,,,,Y
,Skullcandy Crusher Gray/Hot Lime w/Mic1,HMS,Skullcandy Crusher Gray/Hot Lime w/Mic1,Skullcandy Crusher Gray/Hot Lime w/Mic1,649.000000,,,,,,,,Y
,Skullcandy Crusher Gray/Cyan w/Mic1,HMS,Skullcandy Crusher Gray/Cyan w/Mic1,Skullcandy Crusher Gray/Cyan w/Mic1,649.000000,,,,,,,,Y
,beyerdynamic DT 770 Pro 80 Ohm,HSS,beyerdynamic DT 770 Pro 80 Ohm,beyerdynamic DT 770 Pro 80 Ohm,.000000,,,,,,,,Y
,beyerdynamic DT 770 Pro 32 Ohm,HSS,beyerdynamic DT 770 Pro 32 Ohm,beyerdynamic DT 770 Pro 32 Ohm,1149.000000,,,,,,,,Y
